{
  "Total" : {
    "transaction" : "Total",
    "sampleCount" : 13143,
    "errorCount" : 1194,
    "errorPct" : 9.084683,
    "meanResTime" : 601.9378376321982,
    "medianResTime" : 14.0,
    "minResTime" : 0.0,
    "maxResTime" : 4048.0,
    "pct1ResTime" : 2797.0,
    "pct2ResTime" : 3003.0,
    "pct3ResTime" : 3008.0,
    "throughput" : 65.77255098210935,
    "receivedKBytesPerSec" : 34.74470337326411,
    "sentKBytesPerSec" : 0.0
  },
  "Requisição HTTP" : {
    "transaction" : "Requisição HTTP",
    "sampleCount" : 13143,
    "errorCount" : 1194,
    "errorPct" : 9.084683,
    "meanResTime" : 601.9378376321982,
    "medianResTime" : 14.0,
    "minResTime" : 0.0,
    "maxResTime" : 4048.0,
    "pct1ResTime" : 2797.0,
    "pct2ResTime" : 3003.0,
    "pct3ResTime" : 3008.0,
    "throughput" : 65.77255098210935,
    "receivedKBytesPerSec" : 34.74470337326411,
    "sentKBytesPerSec" : 0.0
  }
}