{
  "Total" : {
    "transaction" : "Total",
    "sampleCount" : 3232,
    "errorCount" : 3225,
    "errorPct" : 99.78342,
    "meanResTime" : 3464.8326113861344,
    "medianResTime" : 3003.0,
    "minResTime" : 1709.0,
    "maxResTime" : 10306.0,
    "pct1ResTime" : 4031.0,
    "pct2ResTime" : 6043.0,
    "pct3ResTime" : 10267.0,
    "throughput" : 15.941364190132337,
    "receivedKBytesPerSec" : 50.062590786118385,
    "sentKBytesPerSec" : 0.0
  },
  "Requisição HTTP" : {
    "transaction" : "Requisição HTTP",
    "sampleCount" : 3232,
    "errorCount" : 3225,
    "errorPct" : 99.78342,
    "meanResTime" : 3464.8326113861344,
    "medianResTime" : 3003.0,
    "minResTime" : 1709.0,
    "maxResTime" : 10306.0,
    "pct1ResTime" : 4031.0,
    "pct2ResTime" : 6043.0,
    "pct3ResTime" : 10267.0,
    "throughput" : 15.941364190132337,
    "receivedKBytesPerSec" : 50.062590786118385,
    "sentKBytesPerSec" : 0.0
  }
}